Year,month,average temp
1888,January,
1889,January,31.2
1890,January,29.8
1891,January,34.0
1892,January,25.5
1893,January,21.7
1894,January,
1895,January,
1896,January,
1897,January,27.3
1898,January,32.5
1899,January,30.9
1900,January,34.6
1901,January,34.7
1902,January,30.7
1903,January,31.6
1904,January,26.9
1905,January,21.0
1906,January,34.2
1907,January,31.1
1908,January,34.3
1909,January,29.5
1910,January,30.6
1911,January,32.8
1912,January,16.7
1913,January,30.1
1914,January,36.3
1915,January,28.6
1916,January,27.4
1917,January,31.0
1918,January,17.3
1919,January,34.4
1920,January,29.3
1921,January,37.3
1922,January,29.7
1923,January,39.0
1924,January,25.4
1925,January,29.3
1926,January,32.4
1927,January,30.8
1928,January,33.6
1929,January,21.1
1930,January,18.6
1931,January,38.2
1932,January,32.8
1933,January,42.4
1934,January,35.5
1935,January,32.4
1936,January,21.7
1937,January,23.0
1938,January,32.0
1939,January,38.5
1940,January,12.8
1941,January,32.2
1942,January,31.5
1943,January,28.3
1944,January,36.0
1945,January,30.6
1946,January,33.0
1947,January,33.2
1948,January,25.1
1949,January,25.9
1950,January,30.3
1951,January,30.6
1952,January,33.8
1953,January,34.4
1954,January,29.2
1955,January,32.4
1956,January,27.9
1957,January,25.6
1958,January,31.9
1959,January,26.6
1960,January,30.9
1961,January,31.7
1962,January,23.5
1963,January,19.8
1964,January,37.1
1965,January,31.4
1966,January,27.9
1967,January,33.9
1968,January,28.4
1969,January,26.5
1970,January,26.1
1971,January,27.6
1972,January,27.3
1973,January,27.3
1974,January,23.8
1975,January,29.8
1976,January,27.5
1977,January,15.5
1978,January,16.8
1979,January,12.5
1980,January,28.7
1981,January,30.3
1982,January,18.6
1983,January,30.0
1984,January,25.0
1985,January,18.6
1986,January,34.5
1987,January,29.7
1988,January,26.7
1989,January,37.7
1990,January,37.9
1991,January,22.9
1992,January,35.8
1993,January,25.9
1994,January,25.1
1995,January,28.1
1996,January,23.1
1997,January,24.3
1998,January,33.8
1999,January,27.7
2000,January,31.7
2001,January,29.2
2002,January,34.1
2003,January,27.3
2004,January,27.3
2005,January,28.3
2006,January,42.7
2007,January,28.8
2008,January,27.5
2009,January,27.5
2010,January,23.8
2011,January,22.8
2012,January,35.1
2013,January,32.8
2014,January,24.5
2015,January,31.2
2016,January,29.6
2017,January,32.3
2018,January,28.4
2019,January,28.1
2020,January,32.3
2021,January,34.1
1888,February,
1889,February,28.5
1890,February,34.0
1891,February,30.1
1892,February,36.8
1893,February,28.9
1894,February,27.5
1895,February,24.5
1896,February,36.0
1897,February,32.9
1898,February,35.4
1899,February,19.4
1900,February,25.2
1901,February,26.7
1902,February,23.4
1903,February,28.5
1904,February,29.0
1905,February,21.2
1906,February,33.7
1907,February,33.4
1908,February,34.5
1909,February,37.0
1910,February,28.2
1911,February,36.0
1912,February,27.8
1913,February,28.1
1914,February,26.8
1915,February,38.2
1916,February,30.2
1917,February,29.4
1918,February,33.9
1919,February,35.0
1920,February,34.1
1921,February,40.7
1922,February,33.3
1923,February,31.1
1924,February,34.6
1925,February,37.9
1926,February,39.3
1927,February,40.3
1928,February,37.2
1929,February,24.0
1930,February,46.2
1931,February,42.2
1932,February,42.0
1933,February,32.1
1934,February,33.4
1935,February,36.8
1936,February,19.7
1937,February,31.1
1938,February,38.1
1939,February,29.4
1940,February,32.7
1941,February,31.8
1942,February,32.2
1943,February,38.6
1944,February,35.6
1945,February,35.0
1946,February,41.7
1947,February,28.9
1948,February,30.9
1949,February,32.4
1950,February,35.4
1951,February,34.8
1952,February,39.4
1953,February,40.3
1954,February,45.4
1955,February,31.4
1956,February,34.4
1957,February,39.1
1958,February,27.3
1959,February,34.1
1960,February,28.3
1961,February,38.6
1962,February,34.9
1963,February,32.3
1964,February,36.2
1965,February,32.3
1966,February,33.7
1967,February,33.5
1968,February,32.3
1969,February,34.1
1970,February,36.7
1971,February,31.5
1972,February,33.1
1973,February,33.8
1974,February,35.3
1975,February,27.8
1976,February,42.7
1977,February,35.0
1978,February,19.5
1979,February,20.9
1980,February,25.2
1981,February,33.3
1982,February,27.8
1983,February,35.8
1984,February,38.9
1985,February,25.3
1986,February,30.4
1987,February,39.4
1988,February,27.9
1989,February,22.8
1990,February,36.2
1991,February,39.4
1992,February,39.7
1993,February,28.6
1994,February,30.0
1995,February,35.9
1996,February,34.2
1997,February,33.8
1998,February,41.2
1999,February,41.2
2000,February,40.8
2001,February,29.9
2002,February,37.0
2003,February,30.3
2004,February,31.4
2005,February,38.3
2006,February,35.3
2007,February,28.1
2008,February,27.7
2009,February,36.8
2010,February,27.3
2011,February,29.5
2012,February,38.1
2013,February,32.4
2014,February,24.7
2015,February,25.2
2016,February,39.1
2017,February,43.6
2018,February,32.3
2019,February,27.6
2020,February,35.4
2021,February,23.2
1888,March,
1889,March,45.5
1890,March,38.3
1891,March,33.9
1892,March,37.5
1893,March,40.6
1894,March,49.4
1895,March,43.1
1896,March,38.4
1897,March,42.2
1898,March,44.9
1899,March,35.0
1900,March,40.8
1901,March,42.2
1902,March,44.8
1903,March,45.4
1904,March,43.6
1905,March,50.8
1906,March,31.9
1907,March,52.1
1908,March,47.7
1909,March,42.5
1910,March,58.3
1911,March,46.8
1912,March,32.0
1913,March,39.4
1914,March,43.1
1915,March,34.7
1916,March,45.7
1917,March,44.2
1918,March,50.8
1919,March,45.3
1920,March,45.3
1921,March,50.9
1922,March,45.0
1923,March,39.5
1924,March,37.9
1925,March,46.6
1926,March,39.9
1927,March,45.5
1928,March,47.5
1929,March,48.2
1930,March,43.6
1931,March,39.2
1932,March,36.4
1933,March,44.2
1934,March,41.9
1935,March,51.2
1936,March,48.9
1937,March,39.7
1938,March,52.1
1939,March,45.9
1940,March,42.7
1941,March,40.6
1942,March,44.9
1943,March,38.9
1944,March,39.2
1945,March,51.7
1946,March,55.6
1947,March,37.6
1948,March,39.6
1949,March,42.9
1950,March,40.0
1951,March,38.8
1952,March,39.6
1953,March,46.1
1954,March,41.6
1955,March,43.7
1956,March,45.2
1957,March,43.8
1958,March,38.0
1959,March,46.4
1960,March,30.4
1961,March,43.8
1962,March,40.1
1963,March,49.2
1964,March,41.8
1965,March,33.9
1966,March,49.0
1967,March,47.8
1968,March,48.1
1969,March,37.5
1970,March,42.0
1971,March,43.6
1972,March,47.1
1973,March,47.7
1974,March,46.9
1975,March,36.5
1976,March,44.9
1977,March,48.0
1978,March,37.6
1979,March,42.2
1980,March,38.7
1981,March,45.2
1982,March,42.5
1983,March,43.1
1984,March,36.0
1985,March,47.4
1986,March,49.2
1987,March,47.1
1988,March,43.2
1989,March,43.8
1990,March,45.7
1991,March,47.2
1992,March,46.9
1993,March,39.7
1994,March,46.0
1995,March,45.0
1996,March,37.7
1997,March,45.3
1998,March,39.0
1999,March,42.5
2000,March,47.1
2001,March,39.9
2002,March,40.0
2003,March,43.5
2004,March,47.6
2005,March,43.7
2006,March,46.5
2007,March,52.6
2008,March,41.6
2009,March,45.2
2010,March,45.5
2011,March,43.5
2012,March,58.4
2013,March,37.8
2014,March,40.1
2015,March,46.7
2016,March,50.5
2017,March,48.0
2018,March,43.6
2019,March,40.2
2020,March,48.8
2021,March,50.2
1888,April,
1889,April,55.5
1890,April,57.1
1891,April,57.0
1892,April,52.5
1893,April,53.0
1894,April,58.0
1895,April,60.6
1896,April,61.4
1897,April,54.7
1898,April,53.3
1899,April,53.9
1900,April,58.0
1901,April,53.9
1902,April,54.0
1903,April,55.7
1904,April,49.0
1905,April,55.0
1906,April,59.9
1907,April,47.7
1908,April,55.9
1909,April,52.7
1910,April,56.0
1911,April,53.6
1912,April,55.4
1913,April,57.2
1914,April,55.3
1915,April,62.2
1916,April,52.7
1917,April,52.1
1918,April,49.3
1919,April,54.4
1920,April,47.9
1921,April,55.9
1922,April,55.9
1923,April,54.1
1924,April,56.8
1925,April,60.1
1926,April,49.3
1927,April,57.0
1928,April,51.3
1929,April,57.0
1930,April,60.4
1931,April,55.3
1932,April,57.8
1933,April,55.1
1934,April,57.7
1935,April,52.2
1936,April,54.3
1937,April,54.0
1938,April,56.3
1939,April,53.9
1940,April,54.0
1941,April,59.1
1942,April,60.5
1943,April,57.2
1944,April,50.3
1945,April,54.4
1946,April,60.5
1947,April,54.0
1948,April,61.9
1949,April,55.1
1950,April,50.9
1951,April,51.3
1952,April,54.6
1953,April,50.9
1954,April,60.7
1955,April,63.3
1956,April,53.5
1957,April,54.6
1958,April,55.5
1959,April,56.4
1960,April,58.2
1961,April,50.1
1962,April,54.5
1963,April,59.1
1964,April,57.4
1965,April,58.5
1966,April,52.8
1967,April,58.9
1968,April,57.0
1969,April,56.3
1970,April,57.4
1971,April,59.7
1972,April,57.4
1973,April,51.8
1974,April,56.2
1975,April,52.8
1976,April,56.3
1977,April,59.6
1978,April,55.5
1979,April,51.6
1980,April,54.6
1981,April,61.1
1982,April,51.1
1983,April,46.3
1984,April,50.3
1985,April,57.9
1986,April,57.1
1987,April,56.8
1988,April,54.5
1989,April,56.9
1990,April,52.7
1991,April,56.7
1992,April,53.1
1993,April,50.4
1994,April,53.8
1995,April,52.9
1996,April,52.8
1997,April,48.8
1998,April,54.3
1999,April,54.5
2000,April,55.0
2001,April,60.3
2002,April,56.9
2003,April,57.4
2004,April,56.9
2005,April,56.8
2006,April,62.1
2007,April,51.9
2008,April,51.6
2009,April,53.0
2010,April,60.4
2011,April,55.8
2012,April,59.0
2013,April,49.9
2014,April,53.6
2015,April,56.8
2016,April,57.1
2017,April,57.0
2018,April,47.4
2019,April,56.5
2020,April,52.6
2021,April,55.6
1888,May,
1889,May,63.3
1890,May,63.5
1891,May,60.8
1892,May,59.8
1893,May,61.5
1894,May,64.9
1895,May,65.4
1896,May,69.6
1897,May,64.5
1898,May,64.6
1899,May,67.7
1900,May,66.7
1901,May,63.8
1902,May,69.4
1903,May,64.5
1904,May,63.3
1905,May,65.0
1906,May,66.9
1907,May,58.6
1908,May,64.3
1909,May,62.9
1910,May,59.7
1911,May,68.7
1912,May,68.7
1913,May,66.0
1914,May,66.8
1915,May,62.3
1916,May,65.4
1917,May,58.9
1918,May,69.1
1919,May,62.9
1920,May,63.3
1921,May,67.0
1922,May,66.8
1923,May,63.0
1924,May,58.7
1925,May,62.0
1926,May,68.6
1927,May,64.3
1928,May,67.8
1929,May,61.2
1930,May,63.9
1931,May,62.0
1932,May,67.1
1933,May,65.5
1934,May,71.0
1935,May,59.8
1936,May,70.9
1937,May,67.2
1938,May,65.2
1939,May,70.1
1940,May,63.6
1941,May,70.5
1942,May,64.2
1943,May,62.7
1944,May,69.5
1945,May,60.7
1946,May,62.2
1947,May,61.9
1948,May,65.5
1949,May,68.9
1950,May,66.9
1951,May,66.6
1952,May,65.9
1953,May,64.4
1954,May,61.7
1955,May,67.6
1956,May,69.7
1957,May,65.6
1958,May,68.2
1959,May,69.0
1960,May,65.6
1961,May,60.5
1962,May,74.7
1963,May,67.5
1964,May,70.1
1965,May,71.6
1966,May,65.5
1967,May,61.6
1968,May,62.2
1969,May,66.0
1970,May,72.0
1971,May,64.4
1972,May,67.1
1973,May,61.5
1974,May,65.5
1975,May,67.1
1976,May,60.0
1977,May,69.0
1978,May,62.0
1979,May,63.5
1980,May,63.9
1981,May,60.4
1982,May,65.5
1983,May,59.6
1984,May,60.4
1985,May,65.9
1986,May,65.2
1987,May,70.6
1988,May,69.0
1989,May,63.2
1990,May,60.4
1991,May,67.6
1992,May,62.5
1993,May,63.5
1994,May,64.5
1995,May,59.3
1996,May,64.5
1997,May,59.8
1998,May,71.1
1999,May,63.4
2000,May,67.3
2001,May,66.1
2002,May,61.9
2003,May,63.2
2004,May,67.3
2005,May,64.6
2006,May,67.0
2007,May,68.1
2008,May,63.6
2009,May,64.7
2010,May,64.0
2011,May,63.0
2012,May,69.6
2013,May,62.7
2014,May,66.0
2015,May,63.5
2016,May,62.7
2017,May,63.8
2018,May,73.4
2019,May,62.9
2020,May,62.1
2021,May,63.6
1888,June,
1889,June,70.8
1890,June,77.1
1891,June,71.5
1892,June,74.1
1893,June,72.8
1894,June,75.0
1895,June,73.0
1896,June,72.3
1897,June,75.1
1898,June,76.1
1899,June,74.4
1900,June,73.9
1901,June,79.3
1902,June,70.4
1903,June,68.9
1904,June,71.0
1905,June,75.9
1906,June,73.5
1907,June,72.0
1908,June,71.3
1909,June,73.4
1910,June,71.4
1911,June,80.8
1912,June,70.1
1913,June,75.7
1914,June,78.5
1915,June,69.9
1916,June,70.5
1917,June,72.7
1918,June,80.0
1919,June,75.2
1920,June,73.2
1921,June,77.1
1922,June,77.2
1923,June,74.1
1924,June,72.4
1925,June,76.5
1926,June,72.3
1927,June,70.4
1928,June,68.3
1929,June,72.5
1930,June,73.4
1931,June,79.7
1932,June,76.5
1933,June,81.8
1934,June,83.2
1935,June,71.5
1936,June,78.4
1937,June,75.7
1938,June,74.0
1939,June,76.1
1940,June,74.7
1941,June,74.8
1942,June,74.2
1943,June,76.6
1944,June,76.9
1945,June,68.9
1946,June,76.2
1947,June,73.4
1948,June,74.7
1949,June,77.0
1950,June,75.2
1951,June,69.6
1952,June,83.7
1953,June,82.6
1954,June,79.2
1955,June,71.3
1956,June,77.8
1957,June,75.1
1958,June,73.6
1959,June,77.1
1960,June,74.4
1961,June,72.3
1962,June,74.7
1963,June,79.2
1964,June,73.6
1965,June,74.6
1966,June,73.3
1967,June,72.9
1968,June,77.6
1969,June,70.1
1970,June,74.5
1971,June,79.3
1972,June,76.9
1973,June,74.4
1974,June,70.5
1975,June,74.2
1976,June,71.3
1977,June,74.5
1978,June,74.5
1979,June,72.1
1980,June,75.3
1981,June,74.0
1982,June,68.8
1983,June,70.7
1984,June,74.3
1985,June,68.8
1986,June,76.5
1987,June,76.0
1988,June,78.1
1989,June,71.0
1990,June,75.4
1991,June,76.1
1992,June,69.7
1993,June,72.9
1994,June,75.8
1995,June,72.7
1996,June,73.8
1997,June,73.1
1998,June,73.5
1999,June,71.5
2000,June,71.2
2001,June,72.1
2002,June,76.1
2003,June,70.8
2004,June,70.6
2005,June,75.5
2006,June,76.1
2007,June,73.2
2008,June,73.8
2009,June,74.8
2010,June,77.6
2011,June,76.0
2012,June,77.3
2013,June,73.4
2014,June,74.0
2015,June,74.8
2016,June,78.6
2017,June,74.6
2018,June,77.8
2019,June,73.7
2020,June,77.4
2021,June,77.5
1888,July,80.2
1889,July,76.8
1890,July,80.5
1891,July,72.4
1892,July,75.9
1893,July,77.6
1894,July,76.9
1895,July,74.2
1896,July,77.7
1897,July,80.4
1898,July,77.3
1899,July,76.2
1900,July,77.2
1901,July,87.1
1902,July,77.6
1903,July,78.6
1904,July,75.0
1905,July,74.3
1906,July,75.5
1907,July,78.5
1908,July,76.3
1909,July,77.7
1910,July,78.9
1911,July,79.3
1912,July,79.8
1913,July,81.7
1914,July,80.7
1915,July,74.6
1916,July,83.3
1917,July,79.9
1918,July,78.7
1919,July,81.8
1920,July,76.8
1921,July,81.1
1922,July,76.9
1923,July,79.3
1924,July,74.5
1925,July,78.3
1926,July,78.9
1927,July,77.0
1928,July,78.4
1929,July,79.0
1930,July,82.8
1931,July,81.7
1932,July,81.4
1933,July,80.9
1934,July,88.3
1935,July,86.8
1936,July,87.7
1937,July,81.4
1938,July,82.4
1939,July,84.7
1940,July,81.5
1941,July,80.0
1942,July,81.5
1943,July,81.3
1944,July,78.7
1945,July,77.4
1946,July,81.2
1947,July,78.8
1948,July,79.5
1949,July,80.7
1950,July,72.5
1951,July,77.5
1952,July,80.4
1953,July,81.1
1954,July,87.1
1955,July,85.4
1956,July,80.8
1957,July,83.2
1958,July,77.0
1959,July,77.9
1960,July,77.7
1961,July,77.3
1962,July,78.0
1963,July,81.6
1964,July,82.4
1965,July,78.5
1966,July,83.3
1967,July,76.5
1968,July,79.3
1969,July,81.3
1970,July,80.8
1971,July,76.4
1972,July,77.1
1973,July,76.6
1974,July,82.1
1975,July,80.8
1976,July,79.0
1977,July,79.7
1978,July,79.3
1979,July,75.8
1980,July,85.1
1981,July,78.2
1982,July,79.4
1983,July,81.5
1984,July,76.1
1985,July,77.0
1986,July,79.7
1987,July,79.9
1988,July,79.5
1989,July,77.8
1990,July,77.3
1991,July,80.6
1992,July,74.4
1993,July,77.6
1994,July,75.9
1995,July,78.2
1996,July,75.2
1997,July,77.7
1998,July,77.8
1999,July,81.0
2000,July,76.7
2001,July,80.7
2002,July,81.3
2003,July,81.1
2004,July,74.9
2005,July,78.9
2006,July,81.6
2007,July,77.4
2008,July,77.1
2009,July,73.5
2010,July,80.4
2011,July,83.2
2012,July,85.2
2013,July,76.6
2014,July,73.9
2015,July,77.5
2016,July,78.6
2017,July,79.1
2018,July,78.9
2019,July,77.8
2020,July,78.9
2021,July,78.6
1888,August,74.2
1889,August,74.3
1890,August,73.7
1891,August,73.5
1892,August,76.6
1893,August,73.2
1894,August,78.3
1895,August,75.5
1896,August,77.5
1897,August,75.0
1898,August,77.2
1899,August,79.4
1900,August,80.2
1901,August,79.3
1902,August,76.2
1903,August,75.0
1904,August,74.3
1905,August,78.4
1906,August,77.6
1907,August,76.7
1908,August,75.6
1909,August,80.5
1910,August,75.3
1911,August,78.0
1912,August,77.3
1913,August,85.4
1914,August,78.0
1915,August,70.1
1916,August,78.9
1917,August,73.6
1918,August,83.7
1919,August,76.6
1920,August,73.7
1921,August,77.0
1922,August,78.7
1923,August,77.3
1924,August,78.2
1925,August,78.2
1926,August,79.0
1927,August,71.4
1928,August,77.2
1929,August,78.3
1930,August,80.3
1931,August,76.0
1932,August,79.2
1933,August,76.2
1934,August,83.1
1935,August,80.3
1936,August,87.0
1937,August,83.8
1938,August,83.1
1939,August,77.0
1940,August,76.3
1941,August,79.5
1942,August,76.7
1943,August,81.0
1944,August,76.5
1945,August,79.7
1946,August,77.0
1947,August,86.3
1948,August,79.3
1949,August,77.2
1950,August,72.0
1951,August,78.1
1952,August,77.3
1953,August,80.0
1954,August,81.4
1955,August,80.9
1956,August,81.4
1957,August,81.2
1958,August,79.4
1959,August,82.2
1960,August,80.2
1961,August,75.4
1962,August,79.3
1963,August,79.0
1964,August,76.0
1965,August,77.1
1966,August,74.8
1967,August,75.0
1968,August,77.8
1969,August,78.9
1970,August,82.3
1971,August,78.3
1972,August,77.3
1973,August,77.1
1974,August,73.0
1975,August,79.7
1976,August,77.7
1977,August,74.4
1978,August,76.5
1979,August,75.7
1980,August,80.3
1981,August,72.8
1982,August,75.0
1983,August,83.5
1984,August,79.0
1985,August,72.1
1986,August,72.0
1987,August,76.4
1988,August,81.3
1989,August,75.5
1990,August,77.1
1991,August,77.7
1992,August,70.7
1993,August,77.8
1994,August,75.3
1995,August,78.9
1996,August,74.8
1997,August,74.5
1998,August,77.0
1999,August,76.3
2000,August,81.8
2001,August,77.4
2002,August,78.6
2003,August,81.5
2004,August,72.5
2005,August,78.1
2006,August,80.1
2007,August,82.9
2008,August,75.4
2009,August,74.0
2010,August,81.2
2011,August,78.1
2012,August,76.9
2013,August,75.9
2014,August,77.5
2015,August,74.5
2016,August,77.0
2017,August,71.8
2018,August,77.3
2019,August,76.0
2020,August,74.9
2021,August,79.8
1888,September,67.3
1889,September,64.7
1890,September,63.3
1891,September,71.5
1892,September,70.1
1893,September,71.4
1894,September,69.2
1895,September,73.2
1896,September,64.8
1897,September,76.8
1898,September,71.4
1899,September,68.2
1900,September,71.0
1901,September,68.8
1902,September,63.9
1903,September,66.9
1904,September,70.9
1905,September,70.8
1906,September,72.3
1907,September,68.7
1908,September,71.7
1909,September,68.8
1910,September,68.6
1911,September,73.4
1912,September,67.4
1913,September,69.1
1914,September,70.4
1915,September,70.0
1916,September,67.7
1917,September,68.7
1918,September,63.8
1919,September,72.4
1920,September,70.6
1921,September,73.3
1922,September,72.0
1923,September,69.3
1924,September,65.1
1925,September,74.5
1926,September,68.0
1927,September,71.6
1928,September,66.7
1929,September,67.8
1930,September,72.4
1931,September,77.5
1932,September,69.0
1933,September,75.7
1934,September,66.1
1935,September,70.2
1936,September,73.6
1937,September,72.1
1938,September,72.3
1939,September,76.7
1940,September,70.1
1941,September,72.4
1942,September,67.7
1943,September,66.3
1944,September,70.5
1945,September,69.8
1946,September,69.3
1947,September,73.8
1948,September,72.7
1949,September,64.5
1950,September,67.9
1951,September,66.0
1952,September,72.1
1953,September,74.1
1954,September,76.5
1955,September,73.5
1956,September,74.0
1957,September,67.9
1958,September,71.4
1959,September,70.8
1960,September,73.9
1961,September,66.0
1962,September,66.8
1963,September,74.1
1964,September,69.4
1965,September,69.9
1966,September,68.8
1967,September,67.9
1968,September,69.5
1969,September,71.8
1970,September,71.6
1971,September,72.6
1972,September,70.8
1973,September,66.7
1974,September,61.6
1975,September,63.5
1976,September,68.9
1977,September,69.0
1978,September,73.6
1979,September,68.5
1980,September,69.6
1981,September,68.4
1982,September,67.4
1983,September,71.2
1984,September,66.1
1985,September,66.7
1986,September,71.8
1987,September,67.8
1988,September,70.4
1989,September,63.1
1990,September,72.0
1991,September,68.8
1992,September,66.1
1993,September,62.7
1994,September,67.6
1995,September,65.2
1996,September,64.8
1997,September,69.2
1998,September,72.4
1999,September,65.7
2000,September,70.6
2001,September,65.7
2002,September,72.8
2003,September,64.6
2004,September,70.0
2005,September,72.6
2006,September,66.4
2007,September,71.2
2008,September,66.6
2009,September,67.0
2010,September,69.2
2011,September,64.8
2012,September,67.5
2013,September,71.5
2014,September,66.9
2015,September,72.9
2016,September,71.4
2017,September,71.1
2018,September,70.6
2019,September,74.8
2020,September,66.5
2021,September,71.9
1888,October,54.5
1889,October,54.9
1890,October,56.1
1891,October,56.7
1892,October,59.0
1893,October,
1894,October,60.2
1895,October,54.1
1896,October,55.0
1897,October,63.9
1898,October,53.5
1899,October,64.2
1900,October,63.6
1901,October,61.8
1902,October,61.0
1903,October,58.2
1904,October,59.5
1905,October,55.4
1906,October,56.6
1907,October,56.9
1908,October,55.7
1909,October,57.3
1910,October,61.2
1911,October,55.4
1912,October,59.9
1913,October,54.6
1914,October,60.0
1915,October,62.0
1916,October,57.4
1917,October,50.3
1918,October,61.4
1919,October,56.5
1920,October,62.4
1921,October,60.1
1922,October,60.7
1923,October,53.6
1924,October,63.7
1925,October,47.5
1926,October,57.5
1927,October,62.7
1928,October,60.8
1929,October,58.8
1930,October,56.4
1931,October,62.5
1932,October,55.8
1933,October,58.0
1934,October,63.0
1935,October,56.2
1936,October,57.2
1937,October,57.0
1938,October,66.5
1939,October,62.1
1940,October,65.4
1941,October,60.4
1942,October,59.0
1943,October,56.6
1944,October,61.2
1945,October,57.3
1946,October,62.2
1947,October,68.0
1948,October,57.3
1949,October,60.7
1950,October,64.8
1951,October,57.5
1952,October,55.4
1953,October,63.4
1954,October,59.4
1955,October,60.0
1956,October,66.1
1957,October,55.3
1958,October,61.6
1959,October,55.5
1960,October,61.6
1961,October,59.0
1962,October,61.8
1963,October,72.0
1964,October,57.6
1965,October,60.4
1966,October,59.7
1967,October,58.6
1968,October,59.6
1969,October,55.7
1970,October,58.6
1971,October,64.0
1972,October,53.9
1973,October,60.6
1974,October,57.6
1975,October,58.9
1976,October,50.8
1977,October,55.7
1978,October,56.4
1979,October,57.7
1980,October,54.1
1981,October,55.3
1982,October,55.6
1983,October,57.1
1984,October,56.8
1985,October,56.5
1986,October,56.8
1987,October,52.0
1988,October,52.2
1989,October,57.9
1990,October,57.1
1991,October,57.6
1992,October,56.5
1993,October,53.5
1994,October,57.5
1995,October,57.1
1996,October,56.3
1997,October,57.9
1998,October,58.6
1999,October,57.0
2000,October,59.8
2001,October,56.0
2002,October,50.7
2003,October,57.6
2004,October,57.8
2005,October,58.4
2006,October,56.3
2007,October,59.6
2008,October,55.5
2009,October,50.6
2010,October,58.6
2011,October,58.3
2012,October,54.7
2013,October,55.1
2014,October,57.6
2015,October,58.4
2016,October,61.8
2017,October,57.7
2018,October,55.5
2019,October,51.4
2020,October,53.6
2021,October,59.7
1888,November,42.1
1889,November,40.0
1890,November,46.5
1891,November,39.1
1892,November,40.4
1893,November,
1894,November,
1895,November,
1896,November,40.5
1897,November,43.9
1898,November,40.3
1899,November,50.5
1900,November,42.2
1901,November,44.8
1902,November,49.0
1903,November,41.2
1904,November,48.5
1905,November,46.8
1906,November,41.8
1907,November,44.3
1908,November,46.1
1909,November,51.9
1910,November,43.8
1911,November,39.0
1912,November,47.3
1913,November,51.5
1914,November,50.2
1915,November,49.9
1916,November,46.9
1917,November,47.7
1918,November,45.5
1919,November,41.3
1920,November,41.4
1921,November,44.8
1922,November,47.8
1923,November,47.0
1924,November,46.7
1925,November,44.4
1926,November,40.5
1927,November,45.2
1928,November,45.2
1929,November,38.6
1930,November,47.5
1931,November,50.6
1932,November,40.1
1933,November,47.3
1934,November,47.9
1935,November,41.5
1936,November,42.5
1937,November,39.8
1938,November,45.1
1939,November,43.8
1940,November,40.9
1941,November,46.3
1942,November,46.8
1943,November,41.7
1944,November,46.9
1945,November,46.3
1946,November,46.5
1947,November,40.0
1948,November,46.2
1949,November,49.8
1950,November,40.8
1951,November,39.7
1952,November,44.6
1953,November,47.3
1954,November,48.9
1955,November,40.0
1956,November,44.1
1957,November,43.1
1958,November,49.9
1959,November,38.9
1960,November,46.3
1961,November,43.8
1962,November,46.4
1963,November,49.8
1964,November,49.8
1965,November,48.2
1966,November,49.1
1967,November,44.4
1968,November,41.2
1969,November,46.1
1970,November,44.4
1971,November,46.9
1972,November,39.6
1973,November,45.5
1974,November,42.8
1975,November,45.9
1976,November,35.9
1977,November,42.3
1978,November,44.3
1979,November,40.7
1980,November,44.5
1981,November,45.6
1982,November,41.8
1983,November,44.3
1984,November,43.9
1985,November,36.8
1986,November,37.9
1987,November,46.7
1988,November,45.2
1989,November,42.3
1990,November,50.1
1991,November,36.7
1992,November,39.0
1993,November,39.4
1994,November,46.3
1995,November,40.0
1996,November,37.0
1997,November,40.6
1998,November,48.0
1999,November,51.9
2000,November,36.5
2001,November,51.2
2002,November,41.5
2003,November,42.9
2004,November,46.8
2005,November,47.5
2006,November,46.4
2007,November,43.9
2008,November,43.2
2009,November,49.9
2010,November,44.7
2011,November,45.4
2012,November,46.8
2013,November,40.9
2014,November,37.5
2015,November,48.2
2016,November,51.2
2017,November,44.8
2018,November,35.6
2019,November,40.8
2020,November,49.3
2021,November,46.5
1888,December,36.0
1889,December,46.8
1890,December,37.4
1891,December,39.7
1892,December,27.2
1893,December,35.0
1894,December,
1895,December,
1896,December,40.3
1897,December,28.0
1898,December,27.5
1899,December,30.2
1900,December,35.8
1901,December,28.5
1902,December,29.1
1903,December,31.9
1904,December,32.6
1905,December,34.1
1906,December,35.7
1907,December,36.2
1908,December,37.3
1909,December,22.2
1910,December,31.9
1911,December,35.8
1912,December,36.7
1913,December,37.8
1914,December,24.2
1915,December,34.8
1916,December,29.9
1917,December,23.4
1918,December,39.3
1919,December,25.9
1920,December,35.8
1921,December,35.9
1922,December,34.7
1923,December,39.0
1924,December,25.7
1925,December,31.8
1926,December,31.7
1927,December,28.1
1928,December,36.6
1929,December,34.8
1930,December,35.2
1931,December,42.5
1932,December,30.0
1933,December,39.0
1934,December,31.1
1935,December,32.2
1936,December,38.8
1937,December,31.2
1938,December,36.1
1939,December,39.4
1940,December,37.3
1941,December,40.0
1942,December,30.9
1943,December,30.6
1944,December,28.2
1945,December,25.8
1946,December,38.6
1947,December,37.3
1948,December,35.8
1949,December,37.1
1950,December,30.7
1951,December,30.7
1952,December,34.0
1953,December,36.1
1954,December,36.9
1955,December,31.8
1956,December,36.7
1957,December,39.4
1958,December,32.0
1959,December,40.3
1960,December,31.1
1961,December,28.5
1962,December,32.7
1963,December,25.2
1964,December,32.3
1965,December,43.9
1966,December,34.7
1967,December,35.4
1968,December,29.6
1969,December,33.0
1970,December,38.9
1971,December,36.9
1972,December,27.5
1973,December,30.0
1974,December,32.2
1975,December,34.0
1976,December,29.0
1977,December,29.5
1978,December,31.0
1979,December,35.1
1980,December,32.1
1981,December,29.0
1982,December,35.5
1983,December,13.2
1984,December,35.5
1985,December,22.9
1986,December,34.5
1987,December,35.0
1988,December,35.2
1989,December,21.1
1990,December,29.2
1991,December,36.1
1992,December,32.9
1993,December,34.5
1994,December,36.4
1995,December,31.1
1996,December,29.6
1997,December,33.5
1998,December,34.7
1999,December,35.8
2000,December,19.0
2001,December,37.3
2002,December,36.5
2003,December,35.4
2004,December,34.5
2005,December,30.0
2006,December,38.3
2007,December,29.9
2008,December,28.7
2009,December,28.5
2010,December,29.3
2011,December,35.9
2012,December,35.9
2013,December,28.1
2014,December,34.3
2015,December,39.7
2016,December,30.1
2017,December,32.1
2018,December,34.8
2019,December,37.9
2020,December,36.6
2021,December,43.1
1888,Annual,59.1
1889,Annual,54.4
1890,Annual,54.8
1891,Annual,53.4
1892,Annual,53.0
1893,Annual,53.6
1894,Annual,62.2
1895,Annual,60.4
1896,Annual,57.6
1897,Annual,55.4
1898,Annual,54.5
1899,Annual,54.2
1900,Annual,55.8
1901,Annual,55.9
1902,Annual,54.1
1903,Annual,53.9
1904,Annual,53.6
1905,Annual,54.1
1906,Annual,55.0
1907,Annual,54.7
1908,Annual,55.9
1909,Annual,54.7
1910,Annual,55.3
1911,Annual,56.6
1912,Annual,53.3
1913,Annual,56.4
1914,Annual,55.9
1915,Annual,54.8
1916,Annual,54.7
1917,Annual,52.7
1918,Annual,56.1
1919,Annual,55.1
1920,Annual,54.5
1921,Annual,58.4
1922,Annual,56.6
1923,Annual,55.5
1924,Annual,53.3
1925,Annual,55.6
1926,Annual,54.8
1927,Annual,55.4
1928,Annual,55.9
1929,Annual,53.4
1930,Annual,56.7
1931,Annual,59.0
1932,Annual,55.7
1933,Annual,58.2
1934,Annual,58.5
1935,Annual,55.9
1936,Annual,56.7
1937,Annual,54.7
1938,Annual,58.6
1939,Annual,58.1
1940,Annual,54.3
1941,Annual,57.3
1942,Annual,55.8
1943,Annual,55.0
1944,Annual,55.8
1945,Annual,54.8
1946,Annual,58.7
1947,Annual,56.1
1948,Annual,55.7
1949,Annual,56.0
1950,Annual,54.0
1951,Annual,53.4
1952,Annual,56.7
1953,Annual,58.4
1954,Annual,59.0
1955,Annual,56.8
1956,Annual,57.6
1957,Annual,56.2
1958,Annual,55.5
1959,Annual,56.3
1960,Annual,54.9
1961,Annual,53.9
1962,Annual,55.6
1963,Annual,57.4
1964,Annual,57.0
1965,Annual,56.7
1966,Annual,56.1
1967,Annual,55.5
1968,Annual,55.2
1969,Annual,54.8
1970,Annual,57.1
1971,Annual,56.8
1972,Annual,54.6
1973,Annual,54.4
1974,Annual,54.0
1975,Annual,54.3
1976,Annual,53.7
1977,Annual,54.4
1978,Annual,52.2
1979,Annual,51.4
1980,Annual,54.3
1981,Annual,54.5
1982,Annual,52.4
1983,Annual,53.0
1984,Annual,53.5
1985,Annual,51.3
1986,Annual,55.5
1987,Annual,56.5
1988,Annual,55.3
1989,Annual,52.8
1990,Annual,55.9
1991,Annual,55.6
1992,Annual,53.9
1993,Annual,52.2
1994,Annual,54.5
1995,Annual,53.7
1996,Annual,52.0
1997,Annual,53.2
1998,Annual,56.8
1999,Annual,55.7
2000,Annual,54.8
2001,Annual,55.5
2002,Annual,55.6
2003,Annual,54.6
2004,Annual,54.8
2005,Annual,56.1
2006,Annual,58.2
2007,Annual,55.6
2008,Annual,52.7
2009,Annual,53.8
2010,Annual,55.2
2011,Annual,54.7
2012,Annual,58.7
2013,Annual,53.1
2014,Annual,52.5
2015,Annual,55.8
2016,Annual,57.3
2017,Annual,56.3
2018,Annual,54.6
2019,Annual,54.0
2020,Annual,55.7
2021,Annual,57.0
